id,kode_pohon,nama_lokal,nama_latin,Group,Icon,status_iucn,diameter,tinggi,unit_PS,jenis_lahan,nama_khas_wilayah,Latitude,Longitude,elevasi,jarak_permukiman,status_adopsi,nama_pengadopsi,masa_berlaku,nama_surveyor,waktu_survei,harga_adopsi,serapan_karbon,penyedia_bibit,metode_karbon,Image1,Image2,Image3,Image4,chart_link
1,RK0001PMD,Sendok sendok,Endospermum spp,Pohon Muda,icon/young_tree.svg,Not Define,35,16,Hutan Desa Pemandang,mineral,Pembinaan,0.6930078,100.3488987,200.8,9.37,Belum,-,-,Habibi,28/09/2021 08:30,50000,1001.01,-,Chave et al (2014),media/1632792604205.jpg,media/1632792630754.jpg,media/1632792653846.jpg,media/1632792661166.jpg,
2,RK0145PMD,Kelat,Eugenia spp.,Pohon Dewasa,icon/mature_tree.svg,Not Define,72,25,Hutan Desa Pemandang,mineral,Pembinaan,0.6927942,100.3486365,133.14,9.4,Belum,-,-,Oon Rexno,29/09/2021 08:26,200000,10940.21,-,Chave et al (2014),media/1632879047388.jpg,media/1632879056075.jpg,media/1632879062137.jpg,media/1632879067541.jpg,
3,RK0146PMD,Damar laut,Shorea spp.,Pohon Dewasa,icon/mature_tree.svg,Not Define,78,20,Hutan Desa Pemandang,mineral,Pembinaan,0.6928317,100.34847,191.19,9.41,Belum,-,-,Satria,29/09/2021 08:30,200000,8280.42,-,Chave et al (2014),media/1632879692150.jpg,media/1632879698295.jpg,media/1632879704077.jpg,media/1632879767641.jpg,
4,RK0147PMD,Tempinis,Sloetia elongata,Pohon Dewasa,icon/mature_tree.svg,Not Define,54,12,Hutan Desa Pemandang,mineral,Pembinaan,0.6928417,100.3484533,217.81,9.41,Belum,-,-,Satria ,29/09/2021 08:34,200000,3763.19,-,Chave et al (2014),media/1632879946555.jpg,media/1632880057226.jpg,media/1632880062475.jpg,media/1632880076365.jpg,
5,RK0148PMD,Simesiek,Stemonurus scorpioides,Pohon Dewasa,icon/mature_tree.svg,Not Define,56,24,Hutan Desa Pemandang,mineral,Pembinaan,0.6927517,100.34839,190.54,9.42,Belum,-,-,Oon Rexno,29/09/2021 08:47,200000,1676.23,-,Chave et al (2014),media/1632880346191.jpg,media/1632880355912.jpg,media/1632880364524.jpg,media/1632880372774.jpg,
6,RK0149PMD,Singkawang,Shorea sp.,Pohon Dewasa,icon/mature_tree.svg,Not Define,57,25,Hutan Desa Pemandang,mineral,Pembinaan,0.692705,100.3484401,199.33,9.42,Belum,-,-,Oon Rexno,29/09/2021 08:56,200000,5581.3,-,Chave et al (2014),media/1632880710553.jpg,media/1632880718958.jpg,media/1632880726257.jpg,media/1632880734274.jpg,
7,RK0150PMD,Jao boncah,-,Pohon Dewasa,icon/mature_tree.svg,Not Define,46,18,Hutan Desa Pemandang,mineral,Pembinaan,0.6926519,100.3483333,199.85,9.43,Belum,-,-,Oon Rexno,29/09/2021 09:02,200000,6965.15,-,Brown (1997),media/1632881101595.jpg,media/1632881109846.jpg,media/1632881119699.jpg,media/1632881126843.jpg,
8,RK0151PMD,Tempunik,Artocarpus nitidus,Pohon Dewasa,icon/mature_tree.svg,Not Define,48,15,Hutan Desa Pemandang,mineral,Pembinaan,0.6929724,100.3485427,199.14,9.39,Belum,-,-,Oon Rexno,29/09/2021 09:08,200000,2712.58,-,Chave et al (2014),media/1632881530086.jpg,media/1632881539364.jpg,media/1632881547402.jpg,media/1632881556384.jpg,
9,RK0152PMD,Tempinis,Sloetia elongata,Pohon Dewasa,icon/mature_tree.svg,Not Define,42,12,Hutan Desa Pemandang,mineral,Pembinaan,0.6935631,100.3477697,208.19,9.37,Belum,-,-,Oon Rexno,29/09/2021 09:32,200000,2304.12,-,Chave et al (2014),media/1632882924594.jpg,media/1632882933164.jpg,media/1632882940799.jpg,media/1632882948307.jpg,
10,RK0153PMD,Damar laut,Shorea spp.,Pohon Dewasa,icon/mature_tree.svg,Not Define,45,25,Hutan Desa Pemandang,mineral,Pembinaan,0.6934093,100.3474126,205.56,9.4,Belum,-,-,Oon Rexno,29/09/2021 09:39,200000,3518.35,-,Chave et al (2014),media/1632883341547.jpg,media/1632883352136.jpg,media/1632883360600.jpg,media/1632883368238.jpg,
11,RK0154PMD,Sijangkang,Adinandra polyneura,Pohon Dewasa,icon/mature_tree.svg,Not Define,42,20,Hutan Desa Pemandang,mineral,Pembinaan,0.6932121,100.3474482,204.54,9.42,Belum,-,-,Oon Rexno,29/09/2021 09:44,200000,2412.87,-,Chave et al (2014),media/1632883641896.jpg,media/1632883650648.jpg,media/1632883659006.jpg,media/1632883666350.jpg,
12,RK0155PMD,Damar laut,Shorea spp.,Pohon Dewasa,icon/mature_tree.svg,Not Define,67,18,Hutan Desa Pemandang,mineral,Pembinaan,0.6931433,100.347522,212.29,9.42,Belum,-,-,Satria,29/09/2021 09:49,200000,5552.93,-,Chave et al (2014),media/1632884022178.jpg,media/1632884037058.jpg,media/1632884050482.jpg,media/1632884060049.jpg,
13,RK0156PMD,Soyiek layang,-,Pohon Dewasa,icon/mature_tree.svg,Not Define,45,25,Hutan Desa Pemandang,mineral,Pembinaan,0.6930283,100.3475143,200.91,9.44,Belum,-,-,Oon Rexno,29/09/2021 09:56,200000,6588.42,-,Brown (1997),media/1632884586168.jpg,media/1632884597128.jpg,media/1632884605215.jpg,media/1632884613336.jpg,
14,RK0157PMD,Meranti,Shorea sp.,Pohon Dewasa,icon/mature_tree.svg,Not Define,40,25,Hutan Desa Pemandang,mineral,Pembinaan,0.6931183,100.34752,212.59,9.43,Belum,-,-,Oon Rexno,29/09/2021 09:59,200000,2795.69,-,Chave et al (2014),media/1632884780228.jpg,media/1632884788855.jpg,media/1632884796659.jpg,media/1632884803408.jpg,
15,RK0158PMD,Meranti,Shorea sp.,Pohon Dewasa,icon/mature_tree.svg,Not Define,40,20,Hutan Desa Pemandang,mineral,Pembinaan,0.6932467,100.34738,214.29,9.42,Belum,-,-,Oon Rexno,29/09/2021 10:06,200000,2248.56,-,Chave et al (2014),media/1632885093454.jpg,media/1632885102416.jpg,media/1632885110611.jpg,media/1632885118448.jpg,
16,RK0159PMD,Kayu rasok,-,Pohon Dewasa,icon/mature_tree.svg,Not Define,54,20,Hutan Desa Pemandang,mineral,Pembinaan,0.6933156,100.3473681,213.67,9.41,Belum,-,-,Oon Rexno,29/09/2021 10:14,200000,10449.84,-,Brown (1997),media/1632885521308.jpg,media/1632885531263.jpg,media/1632885540173.jpg,media/1632885548441.jpg,
17,RK0160PMD,Tempinis,Sloetia elongata,Pohon Dewasa,icon/mature_tree.svg,Not Define,48,18,Hutan Desa Pemandang,mineral,Pembinaan,0.6932273,100.3472502,200.06,9.43,Belum,-,-,Oon Rexno,29/09/2021 10:16,200000,4441.92,-,Chave et al (2014),media/1632885858492.jpg,media/1632885867282.jpg,media/1632885876655.jpg,media/1632885884963.jpg,
18,RK0161PMD,Soyiek layang,-,Pohon Dewasa,icon/mature_tree.svg,Not Define,48,25,Hutan Desa Pemandang,mineral,Pembinaan,0.6931733,100.3471967,203.2,9.44,Belum,-,-,Satria,29/09/2021 10:26,200000,7757,-,Brown (1997),media/1632886182350.jpg,media/1632886190903.jpg,media/1632886200864.jpg,media/1632886209393.jpg,
19,RK0162PMD,Kembang semangkok,Scaphium macropodum,Pohon Dewasa,icon/mature_tree.svg,Least Concern,67,30,Hutan Desa Pemandang,mineral,Pembinaan,0.6931153,100.3470379,203.66,9.45,Belum,-,-,Oon Rexno,29/09/2021 10:32,200000,10774.55,-,Chave et al (2014),media/1632886529839.jpg,media/1632886539211.jpg,media/1632886547696.jpg,media/1632886555749.jpg,
20,RK0163PMD,Lalan,Santiria laevigata,Pohon Dewasa,icon/mature_tree.svg,Least Concern,46,12,Hutan Desa Pemandang,mineral,Pembinaan,0.6937241,100.3470459,215.45,9.39,Belum,-,-,Oon Rexno,29/09/2021 10:51,200000,1716.2,-,Chave et al (2014),media/1632887658990.jpg,media/1632887668762.jpg,media/1632887677394.jpg,media/1632887686388.jpg,
21,RK0164PMD,Plajau,Pentaspadon motleyi,Pohon Dewasa,icon/mature_tree.svg,Not Define,45,20,Hutan Desa Pemandang,mineral,Pembinaan,0.6936462,100.3471652,220.77,9.39,Belum,-,-,Satria,29/09/2021 10:56,200000,2414.72,-,Chave et al (2014),media/1632888075925.jpg,media/1632888084846.jpg,media/1632888094854.jpg,media/1632888103078.jpg,
22,RK0165PMD,Mempening,Quercus sp.,Pohon Dewasa,icon/mature_tree.svg,Not Define,40,20,Hutan Desa Pemandang,mineral,Pembinaan,0.693721,100.3471083,229.21,9.39,Belum,-,-,Oon Rexno,29/09/2021 10:57,200000,2913.87,-,Chave et al (2014),media/1632888257791.jpg,media/1632888265578.jpg,media/1632888273542.jpg,media/1632888281216.jpg,
23,RK0003PMD,Pieh,-,Pohon Dewasa,icon/mature_tree.svg,Not Define,60,20,Hutan Desa Pemandang,mineral,Pembinaan,0.6929267,100.3489647,222.64,9.37,Belum,-,-,Rahmad,28/09/2021 08:40,200000,13641.94,-,Brown (1997),media/1632793365470.jpg,media/1632793376101.jpg,media/1632793396617.jpg,media/1632793402468.jpg,
24,RK0002PMD,Meranti,Shorea sp.,Pohon Dewasa,icon/mature_tree.svg,Not Define,50,15,Hutan Desa Pemandang,mineral,Pembinaan,0.6930766,100.348971,260.6,9.36,Belum,-,-,Oon Rexno,28/09/2021 08:36,200000,2625.02,-,Chave et al (2014),media/1632793176881.jpg,media/1632793194512.jpg,media/1632793215475.jpg,media/1632793249612.jpg,
25,RK0004PMD,Sendok sendok,Endospermum spp,Pohon Muda,icon/young_tree.svg,Not Define,37,14,Hutan Desa Pemandang,mineral,Pembinaan,0.6932609,100.349079,192.05,9.34,Belum,-,-,Oon Rexno,28/09/2021 08:48,50000,979.37,-,Chave et al (2014),media/1632794108135.jpg,media/1632794128224.jpg,media/1632794170777.jpg,media/1632794176754.jpg,
26,RK0006PMD,Kolek,Syzygium sp.,Pohon Dewasa,icon/mature_tree.svg,Not Define,89,25,Hutan Desa Pemandang,mineral,Pembinaan,0.6933983,100.3491229,217.28,9.32,Belum,-,-,Oon Rexno,28/09/2021 09:04,200000,16361.74,-,Chave et al (2014),media/1632794878272.jpg,media/1632794888592.jpg,media/1632794897926.jpg,media/1632794907902.jpg,
27,RK0008PMD,Gelumpang,Sterculia foetida,Pohon Dewasa,icon/mature_tree.svg,Not Define,50,25,Hutan Desa Pemandang,mineral,Pembinaan,0.6933679,100.3491912,203.25,9.32,Belum,-,-,Oon Rexno,28/09/2021 09:13,200000,3773.19,-,Chave et al (2014),media/1632795575598.jpg,media/1632795581847.jpg,media/1632795588486.jpg,media/1632795594122.jpg,
28,RK0010PMD,Sitik layang,-,Pohon Dewasa,icon/mature_tree.svg,Not Define,56,25,Hutan Desa Pemandang,mineral,Pembinaan,0.6935971,100.3493383,222.31,9.29,Belum,-,-,Oon Rexno,28/09/2021 09:24,200000,11456.95,-,Brown (1997),media/1632796223489.jpg,media/1632796210231.jpg,media/1632796238628.jpg,media/1632796244042.jpg,
29,RK0012PMD,Kelat,Eugenia spp.,Pohon Dewasa,icon/mature_tree.svg,Not Define,42,20,Hutan Desa Pemandang,mineral,Pembinaan,0.6934076,100.3493284,217.26,9.31,Belum,-,-,Oon Rexno,28/09/2021 09:34,200000,3072.64,-,Chave et al (2014),media/1632796663174.jpg,media/1632796671046.jpg,media/1632796683739.jpg,media/1632796690983.jpg,
30,RK0014PMD,Keranji,Dialium spp.,Pohon Dewasa,icon/mature_tree.svg,Not Define,59,25,Hutan Desa Pemandang,mineral,Pembinaan,0.6937623,100.3493261,242.82,9.27,Belum,-,-,Oon Rexno,28/09/2021 09:43,200000,9310.33,-,Chave et al (2014),media/1632797300263.jpg,media/1632797309775.jpg,media/1632797323934.jpg,media/1632797332135.jpg,
31,RK0016PMD,Kelat,Eugenia spp.,Pohon Dewasa,icon/mature_tree.svg,Not Define,45,25,Hutan Desa Pemandang,mineral,Pembinaan,0.6937486,100.349,212.88,9.29,Belum,-,-,Oon Rexno,28/09/2021 09:54,200000,4371.03,-,Chave et al (2014),media/1632797848716.jpg,media/1632797856053.jpg,media/1632797866551.jpg,media/1632797872258.jpg,
32,RK0018PMD,Keranji,Dialium spp.,Pohon Dewasa,icon/mature_tree.svg,Not Define,41,15,Hutan Desa Pemandang,mineral,Pembinaan,0.6937718,100.3490049,181.65,9.29,Belum,-,-,Oon Rexno,28/09/2021 10:03,200000,2779.02,-,Chave et al (2014),media/1632798500039.jpg,media/1632798507402.jpg,media/1632798515660.jpg,media/1632798520901.jpg,
33,RK0020PMD,Kelat,Eugenia spp.,Pohon Dewasa,icon/mature_tree.svg,Not Define,71,30,Hutan Desa Pemandang,mineral,Pembinaan,0.6938516,100.3488671,217.88,9.29,Belum,-,-,Oon Rexno,28/09/2021 10:11,200000,12718.91,-,Chave et al (2014),media/1632798962829.jpg,media/1632798969518.jpg,media/1632798977824.jpg,media/1632798983641.jpg,
34,RK0022PMD,Kelat,Eugenia spp.,Pohon Dewasa,icon/mature_tree.svg,Not Define,75,25,Hutan Desa Pemandang,mineral,Pembinaan,0.6935031,100.348848,204.05,9.32,Belum,-,-,Satria,28/09/2021 10:23,200000,11847.65,-,Chave et al (2014),media/1632799658000.jpg,media/1632799663848.jpg,media/1632799669311.jpg,media/1632799674066.jpg,
35,RK0024PMD,Kelat,Eugenia spp.,Pohon Dewasa,icon/mature_tree.svg,Not Define,61,23,Hutan Desa Pemandang,mineral,Pembinaan,0.6936702,100.348605,222.77,9.32,Belum,-,-,Satria,28/09/2021 10:36,200000,7296.82,-,Chave et al (2014),media/1632800328919.jpg,media/1632800334059.jpg,media/1632800337807.jpg,media/1632800342618.jpg,
36,RK0026PMD,Mempening,Quercus sp.,Pohon Dewasa,icon/mature_tree.svg,Not Define,41,15,Hutan Desa Pemandang,mineral,Pembinaan,0.6935943,100.3486518,218.52,9.32,Belum,-,-,Satria,28/09/2021 10:40,200000,2309.21,-,Chave et al (2014),media/1632800509922.jpg,media/1632800514947.jpg,media/1632800520551.jpg,media/1632800525044.jpg,
37,RK0028PMD,Jengkol,Pithecollobium lobatum,Pohon Dewasa,icon/mature_tree.svg,Not Define,45,15,Hutan Desa Pemandang,mineral,Pembinaan,0.6935225,100.3485157,204.31,9.34,Belum,-,-,Satria,28/09/2021 10:48,200000,2403.28,-,Chave et al (2014),media/1632801410732.jpg,media/1632801419194.jpg,media/1632801423915.jpg,media/1632801428470.jpg,
38,RK0030PMD,Selusuh,-,Pohon Muda,icon/young_tree.svg,Not Define,30,15,Hutan Desa Pemandang,mineral,Pembinaan,0.693487,100.3485267,208.89,9.34,Belum,-,-,Satria,28/09/2021 10:50,50000,2361.95,-,Brown (1997),media/1632801684162.jpg,media/1632801692913.jpg,media/1632801702627.jpg,media/1632801708663.jpg,
39,RK0032PMD,Soyiek layang,-,Pohon Dewasa,icon/mature_tree.svg,Not Define,48,25,Hutan Desa Pemandang,mineral,Pembinaan,0.6934756,100.3485759,197.62,9.34,Belum,-,-,Satria,28/09/2021 10:52,200000,7757,-,Brown (1997),media/1632801985375.jpg,media/1632801997731.jpg,media/1632802002737.jpg,media/1632802007135.jpg,
40,RK0034PMD,Giam,Cotylelobium spp.,Pohon Dewasa,icon/mature_tree.svg,Not Define,65,30,Hutan Desa Pemandang,mineral,Pembinaan,0.6934353,100.3485306,209.4,9.35,Belum,-,-,Satria,28/09/2021 10:54,200000,9876.35,-,Chave et al (2014),media/1632802274893.jpg,media/1632802281503.jpg,media/1632802295532.jpg,media/1632802302565.jpg,
41,RK0036PMD,Lalan,Santiria laevigata,Pohon Dewasa,icon/mature_tree.svg,Least Concern,93,23,Hutan Desa Pemandang,mineral,Pembinaan,0.6932838,100.3483125,210.54,9.37,Belum,-,-,Oon Rexno,28/09/2021 11:18,200000,12797.01,-,Chave et al (2014),media/1632803040765.jpg,media/1632803065612.jpg,media/1632803086939.jpg,media/1632803079867.jpg,
42,RK0038PMD,Lalan,Santiria laevigata,Pohon Dewasa,icon/mature_tree.svg,Least Concern,42,20,Hutan Desa Pemandang,mineral,Pembinaan,0.6932421,100.3481778,199.39,9.38,Belum,-,-,Oon Rexno,28/09/2021 11:29,200000,2365.76,-,Chave et al (2014),media/1632803648223.jpg,media/1632803666120.jpg,media/1632803672243.jpg,media/1632803676309.jpg,
43,RK0040PMD,Soyiek layang,-,Pohon Dewasa,icon/mature_tree.svg,Not Define,42,25,Hutan Desa Pemandang,mineral,Pembinaan,0.6934091,100.3482908,219.94,9.36,Belum,-,-,Satria,28/09/2021 11:40,200000,5533.17,-,Brown (1997),media/1632803989371.jpg,media/1632803994907.jpg,media/1632804008732.jpg,media/1632804019429.jpg,
44,RK0042PMD,Meranti,Shorea sp.,Pohon Dewasa,icon/mature_tree.svg,Not Define,53,25,Hutan Desa Pemandang,mineral,Pembinaan,0.693398,100.348311,214.78,9.36,Belum,-,-,Oon Rexno,28/09/2021 11:42,200000,4842.33,-,Chave et al (2014),media/1632804301374.jpg,media/1632804306077.jpg,media/1632804311453.jpg,media/1632804316695.jpg,
45,RK0044PMD,Kelat,Eugenia spp.,Pohon Dewasa,icon/mature_tree.svg,Not Define,57,20,Hutan Desa Pemandang,mineral,Pembinaan,0.6932102,100.3481083,207.52,9.39,Belum,-,-,Oon Rexno,28/09/2021 11:53,200000,5576.94,-,Chave et al (2014),media/1632805058778.jpg,media/1632805063856.jpg,media/1632805068591.jpg,media/1632805072959.jpg,
46,RK0046PMD,Petatal,Ochanostachys amentacea,Pohon Dewasa,icon/mature_tree.svg,Not Define,52,20,Hutan Desa Pemandang,mineral,Pembinaan,0.6932878,100.3482499,194.27,9.37,Belum,-,-,Oon Rexno,28/09/2021 13:27,200000,5423.08,-,Chave et al (2014),media/1632810628008.jpg,media/1632810633630.jpg,media/1632810638640.jpg,media/1632810643680.jpg,
47,RK0048PMD,Resak,Vatica spp.,Pohon Dewasa,icon/mature_tree.svg,Not Define,65,28,Hutan Desa Pemandang,mineral,Pembinaan,0.6936207,100.3480144,208.36,9.35,Belum,-,-,Oon Rexno,28/09/2021 13:35,200000,10732.29,-,Chave et al (2014),media/1632811201330.jpg,media/1632811206784.jpg,media/1632811213243.jpg,media/1632811217597.jpg,
48,RK0050PMD,Medang,Cinnamomum spp.,Pohon Dewasa,icon/mature_tree.svg,Not Define,47,20,Hutan Desa Pemandang,mineral,Pembinaan,0.6936931,100.3478792,201.81,9.35,Belum,-,-,Oon Rexno,28/09/2021 13:44,200000,2511.37,-,Chave et al (2014),media/1632811633334.jpg,media/1632811638631.jpg,media/1632811643387.jpg,media/1632811648342.jpg,
49,RK0052PMD,Darah darah,Myristica spp,Pohon Dewasa,icon/mature_tree.svg,Least Concern,41,15,Hutan Desa Pemandang,mineral,Pembinaan,0.6937255,100.3479365,196.25,9.35,Belum,-,-,Satria,28/09/2021 13:49,200000,1559.27,-,Chave et al (2014),media/1632811981578.jpg,media/1632811986443.jpg,media/1632811990865.jpg,media/1632811994840.jpg,
50,RK0054PMD,Kelat,Eugenia spp.,Pohon Dewasa,icon/mature_tree.svg,Not Define,53,20,Hutan Desa Pemandang,mineral,Pembinaan,0.6936813,100.3478961,208.79,9.35,Belum,-,-,Oon Rexno,28/09/2021 13:59,200000,4838.55,-,Chave et al (2014),media/1632812353838.jpg,media/1632812358473.jpg,media/1632812366734.jpg,media/1632812371469.jpg,
51,RK0056PMD,Lalan,Santiria laevigata,Pohon Dewasa,icon/mature_tree.svg,Least Concern,51,25,Hutan Desa Pemandang,mineral,Pembinaan,0.6937812,100.3479924,201.28,9.34,Belum,-,-,Oon Rexno,28/09/2021 14:03,200000,4296.85,-,Chave et al (2014),media/1632812763126.jpg,media/1632812768069.jpg,media/1632812772874.jpg,media/1632812777212.jpg,
52,RK0058PMD,Seminai,Madhuca utilis,Pohon Dewasa,icon/mature_tree.svg,Endangered,44,15,Hutan Desa Pemandang,mineral,Pembinaan,0.6937203,100.3480622,212.35,9.34,Belum,-,-,Satria,28/09/2021 14:07,200000,3509.58,-,Chave et al (2014),media/1632813130980.jpg,media/1632813135671.jpg,media/1632813139663.jpg,media/1632813151680.jpg,
53,RK0060PMD,Keranji,Dialium spp.,Pohon Dewasa,icon/mature_tree.svg,Not Define,55,25,Hutan Desa Pemandang,mineral,Pembinaan,0.6938498,100.3480279,213.04,9.33,Belum,-,-,Oon Rexno,28/09/2021 14:16,200000,8118.02,-,Chave et al (2014),media/1632813598389.jpg,media/1632813603200.jpg,media/1632813607737.jpg,media/1632813612080.jpg,
54,RK0062PMD,Medang,Cinnamomum spp.,Pohon Dewasa,icon/mature_tree.svg,Not Define,41,12,Hutan Desa Pemandang,mineral,Pembinaan,0.6938464,100.3479304,185.61,9.33,Belum,-,-,Satria,28/09/2021 14:23,200000,1168.44,-,Chave et al (2014),media/1632814133158.jpg,media/1632814139068.jpg,media/1632814143385.jpg,media/1632814154623.jpg,
55,RK0064PMD,Darah darah,Myristica spp,Pohon Dewasa,icon/mature_tree.svg,Least Concern,40,15,Hutan Desa Pemandang,mineral,Pembinaan,0.6938451,100.348144,209.15,9.32,Belum,-,-,Oon Rexno,28/09/2021 14:30,200000,1485.9,-,Chave et al (2014),media/1632814431803.jpg,media/1632814437271.jpg,media/1632814445006.jpg,media/1632814449967.jpg,
56,RK0066PMD,Kempas,Koompassia malaccensis,Pohon Dewasa,icon/mature_tree.svg,Not Define,105,30,Hutan Desa Pemandang,mineral,Pembinaan,0.6940309,100.3479379,204.35,9.32,Belum,-,-,Satria,28/09/2021 14:38,200000,33112.6,-,Chave et al (2014),media/1632814909425.jpg,media/1632814913777.jpg,media/1632814919330.jpg,media/1632814930818.jpg,
57,RK0005PMD,Mempening,Quercus sp.,Pohon Dewasa,icon/mature_tree.svg,Not Define,40,17,Hutan Desa Pemandang,mineral,Pembinaan,0.6931078,100.349087,214.99,9.35,Belum,-,-,Habibi,28/09/2021 08:50,200000,2486.47,-,Chave et al (2014),media/1632793871775.jpg,media/1632793882831.jpg,media/1632793896882.jpg,media/1632793908172.jpg,
58,RK0007PMD,Ngonggo,-,Pohon Dewasa,icon/mature_tree.svg,Not Define,54.1,20,Hutan Desa Pemandang,mineral,Pembinaan,0.6932025,100.3491227,216.59,9.34,Belum,-,-,Rahmad,28/09/2021 09:01,200000,10498.87,-,Brown (1997),media/1632794628111.jpg,media/1632794641049.jpg,media/1632794651447.jpg,media/1632794658951.jpg,
59,RK0009PMD,Kelat,Eugenia spp.,Pohon Dewasa,icon/mature_tree.svg,Not Define,43.3,17,Hutan Desa Pemandang,mineral,Pembinaan,0.6933015,100.3491204,223.19,9.33,Belum,-,-,Habibi,28/09/2021 09:08,200000,2782.7,-,Chave et al (2014),media/1632794993892.jpg,media/1632795002878.jpg,media/1632795011245.jpg,media/1632795017838.jpg,
60,RK0011PMD,Kayu asok,-,Pohon Dewasa,icon/mature_tree.svg,Not Define,43,20,Hutan Desa Pemandang,mineral,Pembinaan,0.6934118,100.3490405,217.09,9.32,Belum,-,-,Rahmad,28/09/2021 09:15,200000,5872.58,-,Brown (1997),media/1632795390969.jpg,media/1632795398580.jpg,media/1632795406288.jpg,media/1632795411753.jpg,
61,RK0013PMD,Kelat,Eugenia spp.,Pohon Dewasa,icon/mature_tree.svg,Not Define,55,26,Hutan Desa Pemandang,mineral,Pembinaan,0.6934399,100.3491679,216.55,9.31,Belum,-,-,Habibi,28/09/2021 09:20,200000,6719.32,-,Chave et al (2014),media/1632795748476.jpg,media/1632795759235.jpg,media/1632795767762.jpg,media/1632795774486.jpg,
62,RK0015PMD,Keranji,Dialium spp.,Pohon Dewasa,icon/mature_tree.svg,Not Define,50,29,Hutan Desa Pemandang,mineral,Pembinaan,0.6936322,100.3492503,226.87,9.29,Belum,-,-,Rahmad,28/09/2021 09:27,200000,7790.45,-,Chave et al (2014),media/1632796129801.jpg,media/1632796143677.jpg,media/1632796155007.jpg,media/1632796161399.jpg,
63,RK0017PMD,Kelat,Eugenia spp.,Pohon Dewasa,icon/mature_tree.svg,Not Define,47,27,Hutan Desa Pemandang,mineral,Pembinaan,0.6936133,100.3492463,219.24,9.29,Belum,-,-,Habibi,28/09/2021 09:34,200000,5129.43,-,Chave et al (2014),media/1632796566356.jpg,media/1632796574660.jpg,media/1632796582663.jpg,media/1632796588446.jpg,
64,RK0019PMD,Mempening,Quercus sp.,Pohon Dewasa,icon/mature_tree.svg,Not Define,40,10,Hutan Desa Pemandang,mineral,Pembinaan,0.6935838,100.3493416,209.84,9.29,Belum,-,-,Rahmad,28/09/2021 09:39,200000,1481.37,-,Chave et al (2014),media/1632796913407.jpg,media/1632796920599.jpg,media/1632796927500.jpg,media/1632796933910.jpg,
65,RK0022,Mempening,Quercus sp.,Pohon Dewasa,icon/mature_tree.svg,Not Define,44,11,Hutan Desa Pemandang,mineral,Pembinaan,0.6936295,100.3491629,207.84,9.3,Belum,-,-,Habibi,28/09/2021 09:48,200000,1958.22,-,Chave et al (2014),media/1632797426660.jpg,media/1632797433663.jpg,media/1632797443549.jpg,media/1632797450151.jpg,
66,RK0023PMD,Trempinis,Sloetia elongata,Pohon Muda,icon/young_tree.svg,Not Define,35,14,Hutan Desa Pemandang,mineral,Pembinaan,0.6936191,100.3491297,219.07,9.3,Belum,-,-,Rahmad,28/09/2021 09:53,50000,1876.22,-,Chave et al (2014),media/1632797740181.jpg,media/1632797746147.jpg,media/1632797755640.jpg,media/1632797761770.jpg,
67,RK0025PMD,Kayu asok,-,Pohon Dewasa,icon/mature_tree.svg,Not Define,43,15,Hutan Desa Pemandang,mineral,Pembinaan,0.6936864,100.3490038,204.59,9.3,Belum,-,-,Habibi,28/09/2021 10:01,200000,5872.58,-,Brown (1997),media/1632798189665.jpg,media/1632798198092.jpg,media/1632798206957.jpg,media/1632798215009.jpg,
68,RK0027PMD,Kayu asok,-,Pohon Dewasa,icon/mature_tree.svg,Not Define,65,30,Hutan Desa Pemandang,mineral,Pembinaan,0.6936221,100.3490392,210.21,9.3,Belum,-,-,Rahmad,28/09/2021 10:06,200000,16704.14,-,Brown (1997),media/1632798520364.jpg,media/1632798528253.jpg,media/1632798535978.jpg,media/1632798543614.jpg,
69,RK0029PMD,Kelat,Eugenia spp.,Pohon Muda,icon/young_tree.svg,Not Define,37,22,Hutan Desa Pemandang,mineral,Pembinaan,0.6936388,100.3490378,193.46,9.3,Belum,-,-,Habibi,28/09/2021 10:08,50000,2633.04,-,Chave et al (2014),media/1632798744322.jpg,media/1632798751046.jpg,media/1632798770335.jpg,media/1632798776067.jpg,
70,RK0031PMD,Keruing,Dipterocarpus spp.,Pohon Dewasa,icon/mature_tree.svg,Not Define,47,21,Hutan Desa Pemandang,mineral,Pembinaan,0.6934423,100.3488579,218.25,9.33,Belum,-,-,Rahmad,28/09/2021 10:25,200000,4190.81,-,Chave et al (2014),media/1632799611422.jpg,media/1632799618456.jpg,media/1632799626259.jpg,media/1632799634664.jpg,
71,RK0033PMD,Kelat,Eugenia spp.,Pohon Dewasa,icon/mature_tree.svg,Not Define,46.5,29,Hutan Desa Pemandang,mineral,Pembinaan,0.6935342,100.348697,206.56,9.33,Belum,-,-,Habibi,28/09/2021 10:34,200000,5386.32,-,Chave et al (2014),media/1632800072435.jpg,media/1632800082250.jpg,media/1632800192100.jpg,media/1632800201667.jpg,
72,RK0035PMD,Lalan,Santiria laevigata,Pohon Dewasa,icon/mature_tree.svg,Least Concern,44,25,Hutan Desa Pemandang,mineral,Pembinaan,0.6935825,100.3485857,223.59,9.33,Belum,-,-,Rahmad,28/09/2021 10:42,200000,3221.01,-,Chave et al (2014),media/1632800654987.jpg,media/1632800662356.jpg,media/1632800672841.jpg,media/1632800681164.jpg,
73,RK0037PMD,Kelat,Eugenia spp.,Pohon Dewasa,icon/mature_tree.svg,Not Define,45,26,Hutan Desa Pemandang,mineral,Pembinaan,0.6936932,100.3485269,220.43,9.32,Belum,-,-, Habibi,28/09/2021 10:47,200000,4541.59,-,Chave et al (2014),media/1632800901297.jpg,media/1632800917438.jpg,media/1632800924980.jpg,media/1632800931697.jpg,
74,RK0039PMD,Simesiek,Stemonurus scorpioides,Pohon Muda,icon/young_tree.svg,Not Define,35,20,Hutan Desa Pemandang,mineral,Pembinaan,0.6935843,100.3485543,216.61,9.33,Belum,-,-,Rahmad,28/09/2021 10:51,50000,5012.54,-,Chave et al (2014),media/1632801180335.jpg,media/1632801194828.jpg,media/1632801201627.jpg,media/1632801211213.jpg,
75,RK0041PMD,Lalan,Santiria laevigata,Pohon Dewasa,icon/mature_tree.svg,Least Concern,40,16,Hutan Desa Pemandang,mineral,Pembinaan,0.69353,100.3485117,201.31,9.34,Belum,-,-,Habibi,28/09/2021 10:56,200000,1729.92,-,Chave et al (2014),media/1632801446050.jpg,media/1632801454083.jpg,media/1632801463496.jpg,media/1632801473113.jpg,
76,RK0043PMD,Seponuoh,-,Pohon Dewasa,icon/mature_tree.svg,Not Define,41,27,Hutan Desa Pemandang,mineral,Pembinaan,0.6935761,100.3484855,210.37,9.33,Belum,-,-,Rahmad,28/09/2021 11:00,200000,5205.91,-,Brown (1997),media/1632801806103.jpg,media/1632801813405.jpg,media/1632801825375.jpg,media/1632801832486.jpg,
77,RK0045PMD,Kelat,Eugenia spp.,Pohon Dewasa,icon/mature_tree.svg,Not Define,45,15,Hutan Desa Pemandang,mineral,Pembinaan,0.6933318,100.3484772,205.11,9.36,Belum,-,-,Habibi,28/09/2021 11:15,200000,2654.97,-,Chave et al (2014),media/1632802614021.jpg,media/1632802620870.jpg,media/1632802631524.jpg,media/1632802637620.jpg,
78,RK0047PMD,Pengentasan,-,Pohon Dewasa,icon/mature_tree.svg,Not Define,46,30,Hutan Desa Pemandang,mineral,Pembinaan,0.6932943,100.3485206,235.06,9.36,Belum,-,-,Rahmad,28/09/2021 11:20,200000,6965.15,-,Brown (1997),media/1632802901039.jpg,media/1632802911260.jpg,media/1632802922524.jpg,media/1632802931424.jpg,
79,RK0049PMD,Singkawang,Shorea sp.,Pohon Dewasa,icon/mature_tree.svg,Not Define,40,17,Hutan Desa Pemandang,mineral,Pembinaan,0.6932169,100.3484655,203.71,9.37,Belum,-,-,Habibi,28/09/2021 11:25,200000,1918.75,-,Chave et al (2014),media/1632803177430.jpg,media/1632803183951.jpg,media/1632803191120.jpg,media/1632803198659.jpg,
80,RK0051PMD,Tempunik,Artocarpus nitidus,Pohon Dewasa,icon/mature_tree.svg,Not Define,52,29,Hutan Desa Pemandang,mineral,Pembinaan,0.6931616,100.3484135,210.52,9.38,Belum,-,-,Rahmad,28/09/2021 11:30,200000,6034.94,-,Chave et al (2014),media/1632803434227.jpg,media/1632803442709.jpg,media/1632803449793.jpg,media/1632803456111.jpg,
81,RK0053PMD,Seminai,Madhuca utilis,Pohon Dewasa,icon/mature_tree.svg,Endangered,82,24,Hutan Desa Pemandang,mineral,Pembinaan,0.6931542,100.3482532,203.34,9.39,Belum,-,-,Habibi,28/09/2021 11:36,200000,18716.34,-,Chave et al (2014),media/1632803797449.jpg,media/1632803806107.jpg,media/1632803813090.jpg,media/1632803819375.jpg,
82,RK0055PMD,Medang,Cinnamomum spp.,Pohon Dewasa,icon/mature_tree.svg,Not Define,40,20,Hutan Desa Pemandang,mineral,Pembinaan,0.6932514,100.348216,212.11,9.38,Belum,-,-,Rahmad,28/09/2021 11:39,200000,1833.14,-,Chave et al (2014),media/1632804113501.jpg,media/1632804126897.jpg,media/1632804136388.jpg,media/1632804149729.jpg,
83,RK0057PMD,Kelat,Eugenia spp.,Pohon Dewasa,icon/mature_tree.svg,Not Define,42,12,Hutan Desa Pemandang,mineral,Pembinaan,0.6930499,100.3483193,197.25,9.39,Belum,-,-,Rahmad,28/09/2021 11:47,200000,1866.32,-,Chave et al (2014),media/1632804457077.jpg,media/1632804463648.jpg,media/1632804472322.jpg,media/1632804482087.jpg,
84,RK0059PMD,Pengentasan,-,Pohon Dewasa,icon/mature_tree.svg,Not Define,125,17,Hutan Desa Pemandang,mineral,Pembinaan,0.6930869,100.3482277,183.33,9.39,Belum,-,-,Habibi,28/09/2021 11:50,200000,87364.66,-,Brown (1997),media/1632804753048.jpg,media/1632804759140.jpg,media/1632804835423.jpg,media/1632804843822.jpg,
85,RK0062,Meranti,Shorea sp.,Pohon Dewasa,icon/mature_tree.svg,Not Define,40,21,Hutan Desa Pemandang,mineral,Pembinaan,0.693205,100.3483046,220.6,9.38,Belum,-,-,Rahmad,28/09/2021 13:21,200000,2358.23,-,Chave et al (2014),media/1632810216604.jpg,media/1632810223593.jpg,media/1632810232021.jpg,media/1632810237725.jpg,
86,RK0063PMD,Singkawang,Shorea sp.,Pohon Dewasa,icon/mature_tree.svg,Not Define,43,11,Hutan Desa Pemandang,mineral,Pembinaan,0.6931971,100.3482567,219.77,9.38,Belum,-,-,Habibi,28/09/2021 13:25,200000,1444.8,-,Chave et al (2014),media/1632810575123.jpg,media/1632810581161.jpg,media/1632810589581.jpg,media/1632810594840.jpg,
87,RK0065PMD,Kelat,Eugenia spp.,Pohon Dewasa,icon/mature_tree.svg,Not Define,52,25,Hutan Desa Pemandang,mineral,Pembinaan,0.6935111,100.3480109,197.26,9.36,Belum,-,-,Rahmad,28/09/2021 13:36,200000,5796.31,-,Chave et al (2014),media/1632811106871.jpg,media/1632811117483.jpg,media/1632811126214.jpg,media/1632811133083.jpg,
88,RK0067PMD,Soponuh,-,Pohon Muda,icon/young_tree.svg,Not Define,38,22,Hutan Desa Pemandang,mineral,Pembinaan,0.693484,100.3480282,204.57,9.37,Belum,-,-,Habibi,28/09/2021 13:41,50000,4295.42,-,Brown (1997),media/1632811377381.jpg,media/1632811384837.jpg,media/1632811392746.jpg,media/1632811399718.jpg,
89,RK0069PMD,Bintangur,Calophyllum spp,Pohon Dewasa,icon/mature_tree.svg,Not Define,45,29,Hutan Desa Pemandang,mineral,Pembinaan,0.6935513,100.347869,213.94,9.37,Belum,-,-,Rahmad,28/09/2021 13:45,200000,4109.1,-,Chave et al (2014),media/1632811635636.jpg,media/1632811642526.jpg,media/1632811653066.jpg,media/1632811662414.jpg,
90,RK0071PMD,Medang,Cinnamomum spp.,Pohon Dewasa,icon/mature_tree.svg,Not Define,40,15,Hutan Desa Pemandang,mineral,Pembinaan,0.6935737,100.3479281,210.57,9.36,Belum,-,-,Habibi,28/09/2021 13:50,200000,1384.38,-,Chave et al (2014),media/1632811890288.jpg,media/1632811897370.jpg,media/1632811904112.jpg,media/1632811910645.jpg,
91,RK0073PMD,Bintangur,Calophyllum spp,Pohon Dewasa,icon/mature_tree.svg,Not Define,43,25,Hutan Desa Pemandang,mineral,Pembinaan,0.6936722,100.3480175,197.06,9.35,Belum,-,-,Rahmad,28/09/2021 13:53,200000,3253.09,-,Chave et al (2014),media/1632812156346.jpg,media/1632812164856.jpg,media/1632812171801.jpg,media/1632812177590.jpg,
92,RK0075PMD,Giam,Cotylelobium spp.,Pohon Dewasa,icon/mature_tree.svg,Not Define,110,30,Hutan Desa Pemandang,mineral,Pembinaan,0.6937248,100.3481306,210.16,9.34,Belum,-,-,Habibi,28/09/2021 13:59,200000,27579.62,-,Chave et al (2014),media/1632812397517.jpg,media/1632812404059.jpg,media/1632812409990.jpg,media/1632812416112.jpg,
93,RK0077PMD,Durian,Durio carinatus,Pohon Dewasa,icon/mature_tree.svg,Near Threatened,45,12,Hutan Desa Pemandang,mineral,Pembinaan,0.6937825,100.3480918,214.28,9.33,Belum,-,-,Rahmad,28/09/2021 14:03,200000,1550.85,-,Chave et al (2014),media/1632812682962.jpg,media/1632812694261.jpg,media/1632812701810.jpg,media/1632812707652.jpg,
94,RK0079 PMD,Bintangur,Calophyllum spp,Pohon Dewasa,icon/mature_tree.svg,Not Define,51,27,Hutan Desa Pemandang,mineral,Pembinaan,0.6938657,100.3480166,199.28,9.33,Belum,-,-,Habibi,28/09/2021 14:07,200000,4892.87,-,Chave et al (2014),media/1632812952754.jpg,media/1632812961738.jpg,media/1632812975287.jpg,media/1632812981413.jpg,
95,RK0081PMD,Darah darah,Myristica spp,Pohon Dewasa,icon/mature_tree.svg,Least Concern,45,26,Hutan Desa Pemandang,mineral,Pembinaan,0.693858,100.3480585,196.58,9.33,Belum,-,-,Rahmad,28/09/2021 14:11,200000,3198.81,-,Chave et al (2014),media/1632813174438.jpg,media/1632813190485.jpg,media/1632813198085.jpg,media/1632813204541.jpg,
96,RK0083PMD,Kelat,Eugenia spp.,Pohon Dewasa,icon/mature_tree.svg,Not Define,50,25,Hutan Desa Pemandang,mineral,Pembinaan,0.6939239,100.3481396,201.26,9.32,Belum,-,-,Habibi,28/09/2021 14:15,200000,5369.11,-,Chave et al (2014),media/1632813385168.jpg,media/1632813394862.jpg,media/1632813402662.jpg,media/1632813412394.jpg,
97,RK0085PMD,Bintangur,Calophyllum spp,Pohon Dewasa,icon/mature_tree.svg,Not Define,44,25,Hutan Desa Pemandang,mineral,Pembinaan,0.6939424,100.3480903,204.18,9.32,Belum,-,-,Rahmad,28/09/2021 14:18,200000,3402.4,-,Chave et al (2014),media/1632813614839.jpg,media/1632813623155.jpg,media/1632813630845.jpg,media/1632813638270.jpg,
98,RK0087PMD,Singkawang,Shorea sp.,Pohon Dewasa,icon/mature_tree.svg,Not Define,47,29,Hutan Desa Pemandang,mineral,Pembinaan,0.693927,100.3481644,201.28,9.31,Belum,-,-,Habibi,28/09/2021 14:23,200000,4427.04,-,Chave et al (2014),media/1632813887657.jpg,media/1632813894143.jpg,media/1632813901302.jpg,media/1632813908084.jpg,
99,RK0089PMD,Medang,Cinnamomum spp.,Pohon Muda,icon/young_tree.svg,Not Define,36,22,Hutan Desa Pemandang,mineral,Pembinaan,0.6939486,100.3482045,211.79,9.31,Belum,-,-,Rahmad,28/09/2021 14:27,50000,1637.86,-,Chave et al (2014),media/1632814141170.jpg,media/1632814147179.jpg,media/1632814154161.jpg,media/1632814160025.jpg,
100,RK0091PMD,Sumponuh,-,Pohon Dewasa,icon/mature_tree.svg,Not Define,53,25,Hutan Desa Pemandang,mineral,Pembinaan,0.6940094,100.3482023,221.2,9.3,Belum,-,-,Habibi,28/09/2021 14:31,200000,9967.16,-,Brown (1997),media/1632814381825.jpg,media/1632814388448.jpg,media/1632814394648.jpg,media/1632814399380.jpg,
101,RK0093PMD,Seminai,Madhuca utilis,Pohon Dewasa,icon/mature_tree.svg,Endangered,52,29,Hutan Desa Pemandang,mineral,Pembinaan,0.6940365,100.3480972,213.12,9.31,Belum,-,-,Rahmad,28/09/2021 14:35,200000,9253.56,-,Chave et al (2014),media/1632814607375.jpg,media/1632814614075.jpg,media/1632814621970.jpg,media/1632814627687.jpg,
102,RK0095PMD,Soriek layang,-,Pohon Dewasa,icon/mature_tree.svg,Not Define,49,27,Hutan Desa Pemandang,mineral,Pembinaan,0.6940232,100.3480876,215.54,9.31,Belum,-,-,Habibi,28/09/2021 14:39,200000,8172.4,-,Brown (1997),media/1632814785459.jpg,media/1632814794453.jpg,media/1632814802523.jpg,media/1632814807898.jpg,
103,RK0097PMD,Durian,Durio carinatus,Pohon Dewasa,icon/mature_tree.svg,Near Threatened,45,26,Hutan Desa Pemandang,mineral,Pembinaan,0.6940256,100.3480332,213.1,9.31,Belum,-,-,Rahmad,28/09/2021 14:43,200000,3298.4,-,Chave et al (2014),media/1632815062955.jpg,media/1632815068952.jpg,media/1632815075771.jpg,media/1632815081954.jpg,
104,RK0099PMD,Malapari,Pongamia Pinnata ,Pohon Dewasa,icon/mature_tree.svg,Least Concern,61,25,Hutan Desa Pemandang,mineral,Pembinaan,0.6939761,100.3479896,212.65,9.32,Belum,-,-,Habibi,28/09/2021 14:48,200000,6576.48,-,Chave et al (2014),media/1632815302822.jpg,media/1632815328140.jpg,media/1632815336242.jpg,media/1632815344877.jpg,
105,RK0101PMD,Sorieklayang,-,Pohon Dewasa,icon/mature_tree.svg,Not Define,43,11,Hutan Desa Pemandang,mineral,Pembinaan,0.6941505,100.3480347,221.32,9.3,Belum,-,-,Rahmad,28/09/2021 15:03,200000,5872.58,-,Brown (1997),media/1632816298776.jpg,media/1632816306353.jpg,media/1632816350291.jpg,media/1632816360871.jpg,
106,RK0102PMD,Kelat,Eugenia spp.,Pohon Dewasa,icon/mature_tree.svg,Not Define,124,17,Hutan Desa Pemandang,mineral,Pembinaan,0.6941788,100.3481504,224.86,9.29,Belum,-,-,Habibi,28/09/2021 15:08,200000,21697.04,-,Chave et al (2014),media/1632816617064.jpg,media/1632816628421.jpg,media/1632816637901.jpg,media/1632816643215.jpg,
107,RK0103PMD,Kelat,Eugenia spp.,Pohon Dewasa,icon/mature_tree.svg,Not Define,44,18,Hutan Desa Pemandang,mineral,Pembinaan,0.6941684,100.3482217,205.3,9.29,Belum,-,-,Rahmad,28/09/2021 15:12,200000,3035.91,-,Chave et al (2014),media/1632816788495.jpg,media/1632816795884.jpg,media/1632816805125.jpg,media/1632816813750.jpg,
108,RK0104PMD,Kayuasok,-,Pohon Dewasa,icon/mature_tree.svg,Not Define,40,25,Hutan Desa Pemandang,mineral,Pembinaan,0.6941653,100.3482262,202.65,9.29,Belum,-,-,Habibi,28/09/2021 15:16,200000,4890.63,-,Brown (1997),media/1632817070305.jpg,media/1632817077981.jpg,media/1632817085608.jpg,media/1632817090881.jpg,
109,RK0105PMD,Keranji,Dialium spp.,Pohon Dewasa,icon/mature_tree.svg,Not Define,40,21,Hutan Desa Pemandang,mineral,Pembinaan,0.6941749,100.348203,217.04,9.29,Belum,-,-,Rahmad,28/09/2021 03:20,200000,3677.73,-,Chave et al (2014),media/1632817335889.jpg,media/1632817342642.jpg,media/1632817351357.jpg,media/1632817356831.jpg,
110,RK0106PMD,Medang,Cinnamomum spp.,Pohon Dewasa,icon/mature_tree.svg,Not Define,49,27,Hutan Desa Pemandang,mineral,Pembinaan,0.6940594,100.3483887,196.8,9.29,Belum,-,-,Habibi,28/09/2021 15:23,200000,3651.27,-,Chave et al (2014),media/1632817521610.jpg,media/1632817528646.jpg,media/1632817535407.jpg,media/1632817541005.jpg,
111,RK0107PMD,Empedu barau,Dryobalanops spp.,Pohon Dewasa,icon/mature_tree.svg,Not Define,47,23,Hutan Desa Pemandang,mineral,Pembinaan,0.6941855,100.3482758,214.06,9.28,Belum,-,-,Rahmad,28/09/2021 15:28,200000,403.45,-,Chave et al (2014),media/1632817763347.jpg,media/1632817771907.jpg,media/1632817778248.jpg,media/1632817783200.jpg,
112,RK0108PMD,Kelat,Eugenia spp.,Pohon Dewasa,icon/mature_tree.svg,Not Define,62,25,Hutan Desa Pemandang,mineral,Pembinaan,0.6942172,100.3482988,213.32,9.28,Belum,-,-,Habibi,28/09/2021 15:32,200000,8170.74,-,Chave et al (2014),media/1632818033325.jpg,media/1632818040793.jpg,media/1632818050280.jpg,media/1632818057903.jpg,
113,RK0109PMD,Medang,Cinnamomum spp.,Pohon Dewasa,icon/mature_tree.svg,Not Define,130,35,Hutan Desa Pemandang,mineral,Pembinaan,0.6942556,100.3483498,222.67,9.27,Belum,-,-,Rahmad,28/09/2021 15:38,200000,31593.49,-,Chave et al (2014),media/1632818388375.jpg,media/1632818394540.jpg,media/1632818403541.jpg,media/1632818417114.jpg,
114,RK0110PMD,Kelat,Eugenia spp.,Pohon Dewasa,icon/mature_tree.svg,Not Define,121,33,Hutan Desa Pemandang,mineral,Pembinaan,0.6943196,100.3483787,201.32,9.27,Belum,-,-,Habibi,28/09/2021 15:42,200000,39517.54,-,Chave et al (2014),media/1632818623689.jpg,media/1632818630260.jpg,media/1632818636915.jpg,media/1632818642245.jpg,
115,RK0111PMD,Medang,Cinnamomum spp.,Pohon Dewasa,icon/mature_tree.svg,Not Define,43,21,Hutan Desa Pemandang,mineral,Pembinaan,0.6943486,100.3482441,243.49,9.27,Belum,-,-,Rahmad,28/09/2021 15:53,200000,2214.04,-,Chave et al (2014),media/1632819297987.jpg,media/1632819305347.jpg,media/1632819312102.jpg,media/1632819317407.jpg,
116,RK0112PMD,Lalan,Santiria laevigata,Pohon Dewasa,icon/mature_tree.svg,Least Concern,43,17,Hutan Desa Pemandang,mineral,Pembinaan,0.694464,100.3483606,216.11,9.25,Belum,-,-,Habibi,28/09/2021 15:57,200000,2113.65,-,Chave et al (2014),media/1632819500059.jpg,media/1632819506850.jpg,media/1632819514541.jpg,media/1632819525430.jpg,
117,RK0113PMD,Kelat,Eugenia spp.,Pohon Dewasa,icon/mature_tree.svg,Not Define,49,15,Hutan Desa Pemandang,mineral,Pembinaan,0.6943366,100.3484933,223.74,9.26,Belum,-,-,Rahmad,28/09/2021 16:02,200000,3135.1,-,Chave et al (2014),media/1632819796365.jpg,media/1632819803120.jpg,media/1632819811135.jpg,media/1632819817431.jpg,
118,RK0114PMD,Medang,Cinnamomum spp.,Pohon Dewasa,icon/mature_tree.svg,Not Define,49,27,Hutan Desa Pemandang,mineral,Pembinaan,0.6944909,100.3483655,222.24,9.25,Belum,-,-,Habibi,28/09/2021 16:06,200000,3651.27,-,Chave et al (2014),media/1632820023554.jpg,media/1632820029922.jpg,media/1632820038532.jpg,media/1632820044627.jpg,
119,RK0115PMD,Darah darah,Myristica spp,Pohon Dewasa,icon/mature_tree.svg,Least Concern,49,29,Hutan Desa Pemandang,mineral,Pembinaan,0.6944709,100.3484452,210.36,9.25,Belum,-,-,Rahmad,28/09/2021 16:09,200000,4202.1,-,Chave et al (2014),media/1632820275902.jpg,media/1632820285815.jpg,media/1632820299119.jpg,media/1632820305452.jpg,
120,RK0116PMD,Meranti,Shorea sp.,Pohon Dewasa,icon/mature_tree.svg,Not Define,48,20,Hutan Desa Pemandang,mineral,Pembinaan,0.6944933,100.3481981,212.39,9.26,Belum,-,-,Habibi,28/09/2021 04:16,200000,3209.72,-,Chave et al (2014),media/1632820621591.jpg,media/1632820629666.jpg,media/1632820655971.jpg,media/1632820667934.jpg,
121,RK0117PMD,Kelat,Eugenia spp.,Pohon Dewasa,icon/mature_tree.svg,Not Define,47,30,Hutan Desa Pemandang,mineral,Pembinaan,0.694507,100.3481873,205.57,9.26,Belum,-,-,Rahmad,28/09/2021 16:17,200000,5684.98,-,Chave et al (2014),media/1632820836321.jpg,media/1632820842545.jpg,media/1632820855434.jpg,media/1632820862149.jpg,
122,RK0118PMD,Darah darah,Myristica spp,Pohon Dewasa,icon/mature_tree.svg,Least Concern,46,28,Hutan Desa Pemandang,mineral,Pembinaan,0.6945535,100.3482079,211.99,9.25,Belum,-,-,Habibi,28/09/2021 16:22,200000,3589.49,-,Chave et al (2014),media/1632821026929.jpg,media/1632821039277.jpg,media/1632821070055.jpg,media/1632821079521.jpg,
123,RK0119PMD,Sonduk,Endospermum medullosum,Pohon Dewasa,icon/mature_tree.svg,Not Define,40,14,Hutan Desa Pemandang,mineral,Pembinaan,0.6945739,100.3481533,212.25,9.25,Belum,-,-,Rahmad,28/09/2021 16:26,200000,973.67,-,Chave et al (2014),media/1632821290123.jpg,media/1632821298210.jpg,media/1632821306277.jpg,media/1632821311167.jpg,
124,RK0120PMD,Medang,Cinnamomum spp.,Pohon Dewasa,icon/mature_tree.svg,Not Define,52,14,Hutan Desa Pemandang,mineral,Pembinaan,0.6944052,100.3480016,231.67,9.28,Belum,-,-,Habibi,28/09/2021 16:31,200000,2159.88,-,Chave et al (2014),media/1632821543107.jpg,media/1632821549287.jpg,media/1632821676386.jpg,media/1632821686021.jpg,
125,RK0121PMD,Lalan,Santiria laevigata,Pohon Dewasa,icon/mature_tree.svg,Least Concern,46,17,Hutan Desa Pemandang,mineral,Pembinaan,0.6929484,100.3488454,196.44,9.38,Belum,-,-,Habibi,29/09/2021 08:24,200000,2411.04,-,Chave et al (2014),media/1632878733109.jpg,media/1632878740673.jpg,media/1632878747667.jpg,media/1632878761037.jpg,
126,RK0122PMD,Kayu kacang,Leguminosae sp.,Pohon Dewasa,icon/mature_tree.svg,Not Define,41,15,Hutan Desa Pemandang,mineral,Pembinaan,0.6930386,100.3487475,236.98,9.37,Belum,-,-,Rahmad,29/09/2021 08:28,200000,5205.91,-,Chave et al (2014),media/1632879004458.jpg,media/1632879012759.jpg,media/1632879022335.jpg,media/1632879036998.jpg,
127,RK0123PMD,Sorik layang,-,Pohon Dewasa,icon/mature_tree.svg,Not Define,41,16,Hutan Desa Pemandang,mineral,Pembinaan,0.6931384,100.3488604,211.96,9.36,Belum,-,-,Habibi,29/09/2021 08:34,200000,5205.91,-,Brown (1997),media/1632879321205.jpg,media/1632879328780.jpg,media/1632879335692.jpg,media/1632879340451.jpg,
128,RK0124PMD,Kelat,Eugenia spp.,Pohon Dewasa,icon/mature_tree.svg,Not Define,55,12,Hutan Desa Pemandang,mineral,Pembinaan,0.6930698,100.3488186,197.32,9.37,Belum,-,-,Rahmad,29/09/2021 08:37,200000,3159.31,-,Chave et al (2014),media/1632879543746.jpg,media/1632879551993.jpg,media/1632879560987.jpg,media/1632879565705.jpg,
129,RK0125PMD,Medang,Cinnamomum spp.,Pohon Dewasa,icon/mature_tree.svg,Not Define,49,19,Hutan Desa Pemandang,mineral,Pembinaan,0.6931108,100.3488705,215.87,9.36,Belum,-,-,Habibi,29/09/2021 08:41,200000,2591.17,-,Chave et al (2014),media/1632879730356.jpg,media/1632879738133.jpg,media/1632879744526.jpg,media/1632879749680.jpg,
130,RK0126PMD,Pengentasan,-,Pohon Dewasa,icon/mature_tree.svg,Not Define,135,30,Hutan Desa Pemandang,mineral,Pembinaan,0.6930522,100.3485807,198.17,9.38,Belum,-,-,Rahmad,29/09/2021 08:45,200000,106144.59,-,Brown (1997),media/1632880098705.jpg,media/1632880105847.jpg,media/1632880114934.jpg,media/1632880120355.jpg,
131,RK0127PMD,Darah darah,Myristica spp,Pohon Dewasa,icon/mature_tree.svg,Least Concern,40,8,Hutan Desa Pemandang,mineral,Pembinaan,0.6936179,100.3476729,204.5,9.37,Belum,-,-,Habibi,29/09/2021 09:29,200000,804.53,-,Chave et al (2014),media/1632882694638.jpg,media/1632882701831.jpg,media/1632882708874.jpg,media/1632882714009.jpg,
132,RK0128PMD,Kelat,Eugenia spp.,Pohon Dewasa,icon/mature_tree.svg,Not Define,40,25,Hutan Desa Pemandang,mineral,Pembinaan,0.6935562,100.347549,218.72,9.38,Belum,-,-,Rahmad,29/09/2021 09:37,200000,3473.23,-,Chave et al (2014),media/1632883117511.jpg,media/1632883124424.jpg,media/1632883131716.jpg,media/1632883136416.jpg,
133,RK0129PMD,(Meranti) Putih,Shorea javanica,Pohon Dewasa,icon/mature_tree.svg,Endangered,40,24,Hutan Desa Pemandang,mineral,Pembinaan,0.6935327,100.3476129,191.91,9.38,Belum,-,-,Rahmad,29/09/2021 09:40,200000,2664.64,-,Chave et al (2014),media/1632883312322.jpg,media/1632883319182.jpg,media/1632883326246.jpg,media/1632883332027.jpg,
134,RK0130PMD,Darah darah,Myristica spp,Pohon Dewasa,icon/mature_tree.svg,Least Concern,45,20,Hutan Desa Pemandang,mineral,Pembinaan,0.6933822,100.3472807,199.16,9.41,Belum,-,-,Habibi,29/09/2021 09:46,200000,2476.16,-,Chave et al (2014),media/1632883668582.jpg,media/1632883676558.jpg,media/1632883683926.jpg,media/1632883688607.jpg,
135,RK0131PMD,Pengentasan,-,Pohon Dewasa,icon/mature_tree.svg,Not Define,119,31,Hutan Desa Pemandang,mineral,Pembinaan,0.6933697,100.3472722,194.99,9.41,Belum,-,-,Habibi,29/09/2021 09:49,200000,77141.35,-,Brown (1997),media/1632883835409.jpg,media/1632883840693.jpg,media/1632883869154.jpg,media/1632883876011.jpg,
136,RK0132PMD,Lalan,Santiria laevigata,Pohon Dewasa,icon/mature_tree.svg,Least Concern,46,20,Hutan Desa Pemandang,mineral,Pembinaan,0.6933912,100.3472386,195.14,9.41,Belum,-,-,Rahmad,29/09/2021 09:53,200000,2825.48,-,Chave et al (2014),media/1632884100823.jpg,media/1632884107178.jpg,media/1632884113036.jpg,media/1632884117982.jpg,
137,RK0133PMD,Kayujantan,-,Pohon Dewasa,icon/mature_tree.svg,Not Define,65,1.5,Hutan Desa Pemandang,mineral,Pembinaan,0.6934217,100.3470958,197.49,9.42,Belum,-,-,Habibi,29/09/2021 10:02,200000,16704.14,-,Brown (1997),media/1632884641624.jpg,media/1632884648147.jpg,media/1632884656394.jpg,media/1632884664629.jpg,
138,RK0134PMD,Gelumpang,Sterculia foetida,Pohon Dewasa,icon/mature_tree.svg,Not Define,49,30,Hutan Desa Pemandang,mineral,Pembinaan,0.6935609,100.346965,185.25,9.41,Belum,-,-,Habibi,29/09/2021 10:06,200000,4333.75,-,Chave et al (2014),media/1632884834180.jpg,media/1632884840698.jpg,media/1632884847393.jpg,media/1632884853277.jpg,
139,RK0135PMD,Medang,Cinnamomum spp.,Pohon Dewasa,icon/mature_tree.svg,Not Define,47,12,Hutan Desa Pemandang,mineral,Pembinaan,0.6935493,100.34699,211.12,9.41,Belum,-,-,Rahmad,29/09/2021 10:09,200000,1525.41,-,Chave et al (2014),media/1632885035567.jpg,media/1632885041484.jpg,media/1632885049802.jpg,media/1632885055738.jpg,
140,RK0137,Mempening,Quercus sp.,Pohon Dewasa,icon/mature_tree.svg,Not Define,46,12,Hutan Desa Pemandang,mineral,Pembinaan,0.693579,100.346981,198.45,9.41,Belum,-,-,Habibi,29/09/2021 10:11,200000,2325.02,-,Chave et al (2014),media/1632885199323.jpg,media/1632885206222.jpg,media/1632885220808.jpg,media/1632885231673.jpg,
141,RK0137PMD,Kasai,Pometia pinnata,Pohon Muda,icon/young_tree.svg,Least Concern,39,10,Hutan Desa Pemandang,mineral,Pembinaan,0.693567,100.3469013,202.35,9.41,Belum,-,-,Habibi,29/09/2021 10:18,50000,1277.71,-,Chave et al (2014),media/1632885560148.jpg,media/1632885566790.jpg,media/1632885573990.jpg,media/1632885580316.jpg,
142,RK0139,Kelat,Eugenia spp.,Pohon Dewasa,icon/mature_tree.svg,Not Define,51,17,Hutan Desa Pemandang,mineral,Pembinaan,0.6936199,100.3468176,197.48,9.41,Belum,-,-,Rahmad,29/09/2021 10:20,200000,3830.17,-,Chave et al (2014),media/1632885713281.jpg,media/1632885719383.jpg,media/1632885726973.jpg,media/1632885731813.jpg,
143,RK0139PMD,Kempas,Koompassia malaccensis,Pohon Dewasa,icon/mature_tree.svg,Not Define,46,18,Hutan Desa Pemandang,mineral,Pembinaan,0.6935849,100.3468505,209.89,9.41,Belum,-,-,Habibi,29/09/2021 10:22,200000,4016.16,-,Chave et al (2014),media/1632885870603.jpg,media/1632885877501.jpg,media/1632885886300.jpg,media/1632885892097.jpg,
144,RK0140PMD,Momponiang,Quercus sp.,Pohon Dewasa,icon/mature_tree.svg,Not Define,52,14,Hutan Desa Pemandang,mineral,Pembinaan,0.6935023,100.3467771,192.71,9.43,Belum,-,-,Habibi,29/09/2021 10:27,200000,3433.23,-,Chave et al (2014),media/1632886105234.jpg,media/1632886111287.jpg,media/1632886118752.jpg,media/1632886124046.jpg,
145,RK0141PMD,Lalan,Santiria laevigata,Pohon Dewasa,icon/mature_tree.svg,Least Concern,44,27,Hutan Desa Pemandang,mineral,Pembinaan,0.6933755,100.3469216,203.35,9.43,Belum,-,-,Rahmad,29/09/2021 10:32,200000,3472.28,-,Chave et al (2014),media/1632886382278.jpg,media/1632886387962.jpg,media/1632886393655.jpg,media/1632886398192.jpg,
146,RK0142PMD,Torok,Artocarpus elasticus,Pohon Dewasa,icon/mature_tree.svg,Not Define,42,13,Hutan Desa Pemandang,mineral,Pembinaan,0.6933645,100.3468855,201.93,9.43,Belum,-,-,Habibi,29/09/2021 10:34,200000,1817.71,-,Chave et al (2014),media/1632886534616.jpg,media/1632886541427.jpg,media/1632886548108.jpg,media/1632886561223.jpg,
147,RK0143PMD,Momponiang,Quercus sp.,Pohon Dewasa,icon/mature_tree.svg,Not Define,46,15,Hutan Desa Pemandang,mineral,Pembinaan,0.6938271,100.3469348,199.62,9.39,Belum,-,-,Habibie,29/09/2021 10:52,200000,2890.76,-,Chave et al (2014),media/1632887590377.jpg,media/1632887596614.jpg,media/1632887603124.jpg,media/1632887608718.jpg,
148,RK0144PMD,Sonduk,Endospermum medullosum,Pohon Dewasa,icon/mature_tree.svg,Not Define,40,15,Hutan Desa Pemandang,mineral,Pembinaan,0.693917,100.3469406,190.41,9.38,Belum,-,-,Rahmad,29/09/2021 10:55,200000,1041.5,-,Chave et al (2014),media/1632887771165.jpg,media/1632887776647.jpg,media/1632887783143.jpg,media/1632887788706.jpg,
149,RK0186PMD,Kemenyan,Styrax benzoin,Pohon Dewasa,icon/mature_tree.svg,Not Define,45,13,Hutan Desa Pemandang,mineral,Pembinaan,0.6938617,100.3468202,210.7,9.39,Belum,-,-,Habibi,29/09/2021 09:59,200000,1413.56,-,Chave et al (2014),media/1632888039416.jpg,media/1632888046925.jpg,media/1632888053416.jpg,media/1632888058445.jpg,
150,RK0187PMD,Durian,Durio carinatus,Pohon Dewasa,icon/mature_tree.svg,Near Threatened,52,10,Hutan Desa Sungai Salak,mineral,Pembinaan,0.6939387,100.3468588,200.87,9.38,Belum,-,-,Rahmad,29/09/2021 11:03,200000,1721.3,-,Chave et al (2014),media/1632888248862.jpg,media/1632888254726.jpg,media/1632888260743.jpg,media/1632888271213.jpg,
151,RK0188PMD,Topis,Polyalthia hypoleuca,Pohon Dewasa,icon/mature_tree.svg,Not Define,41,22,Hutan Desa Pemandang,mineral,Pembinaan,0.6939738,100.3468124,207,9.38,Belum,-,-,Habibi,29/09/2021 11:07,200000,2753.79,-,Chave et al (2014),media/1632888488514.jpg,media/1632888493949.jpg,media/1632888499925.jpg,media/1632888505385.jpg,
152,RK0189PMD,Cempedak,Artocarpus heterophyllus,Pohon Muda,icon/young_tree.svg,Not Define,36,8,Hutan Desa Pemandang,mineral,Pembinaan,0.6939849,100.346873,201.33,9.37,Belum,-,-,Rahmad,29/09/2021 11:10,50000,670.36,-,Chave et al (2014),media/1632888660571.jpg,media/1632888666589.jpg,media/1632888706032.jpg,media/1632888714675.jpg,
153,RK0190MD,Alai,Intsia palembanica,Pohon Dewasa,icon/mature_tree.svg,Not Define,60,30,Hutan Desa Pemandang,mineral,Pembinaan,0.6939614,100.3468765,199.27,9.38,Belum,-,-,Habibi,29/09/2021 11:13,200000,9720.49,-,Chave et al (2014),media/1632888880866.jpg,media/1632888886636.jpg,media/1632888911440.jpg,media/1632888920121.jpg,
154,RK0191PMD,Buluhbulu,-,Pohon Muda,icon/young_tree.svg,Not Define,31,17,Hutan Desa Pemandang,mineral,Pembinaan,0.6939957,100.3469482,191.81,9.37,Belum,-,-,Rahmad,29/09/2021 11:15,50000,2566.25,-,Brown (1997),media/1632889080257.jpg,media/1632889086465.jpg,media/1632889094771.jpg,media/1632889105391.jpg,
155,RK0192PMD,Kelat,Eugenia spp.,Pohon Dewasa,icon/mature_tree.svg,Not Define,55,30,Hutan Desa Pemandang,mineral,Pembinaan,0.6941373,100.3468039,196.28,9.36,Belum,-,-,Habibi,29/09/2021 11:21,200000,7726.48,-,Chave et al (2014),media/1632889314315.jpg,media/1632889320363.jpg,media/1632889326821.jpg,media/1632889332259.jpg,
156,RK0193PMD,Mompolu,-,Pohon Dewasa,icon/mature_tree.svg,Not Define,50,30,Hutan Desa Pemandang,mineral,Pembinaan,0.6941133,100.3468692,207.61,9.36,Belum,-,-,Habibi,29/09/2021 11:25,200000,8600.97,-,Brown (1997),media/1632889533998.jpg,media/1632889540209.jpg,media/1632889546667.jpg,media/1632889552481.jpg,
157,RK0194PMD,Bintangur,Calophyllum spp,Pohon Dewasa,icon/mature_tree.svg,Not Define,47,18,Hutan Desa Pemandang,mineral,Pembinaan,0.6940751,100.3468968,198.21,9.36,Belum,-,-,Rahmad,29/09/2021 11:27,200000,2808.39,-,Chave et al (2014),media/1632889716493.jpg,media/1632889724571.jpg,media/1632889731408.jpg,media/1632889737487.jpg,
158,RK0195PMD,Plajau,Pentaspadon motleyi,Pohon Dewasa,icon/mature_tree.svg,Not Define,47,18,Hutan Desa Pemandang,mineral,Pembinaan,0.6941112,100.3469671,189.46,9.36,Belum,-,-,Habibi,29/09/2021 11:31,200000,2371.77,-,Chave et al (2014),media/1632889913153.jpg,media/1632889919948.jpg,media/1632889926234.jpg,media/1632889931337.jpg,
159,RL0196PMD,Durian,Durio carinatus,Pohon Dewasa,icon/mature_tree.svg,Near Threatened,46,10,Hutan Desa Pemandang,mineral,Pembinaan,0.6941115,100.3469545,194.31,9.36,Belum,-,-,Rahmad,29/09/2021 11:34,200000,1354.95,-,Chave et al (2014),media/1632890125613.jpg,media/1632890134376.jpg,media/1632890154959.jpg,media/1632890162413.jpg,
160,RK0197PMD,Trempinis,Sloetia elongata,Pohon Dewasa,icon/mature_tree.svg,Not Define,43,18,Hutan Desa Pemandang,mineral,Pembinaan,0.6941137,100.3469454,194.69,9.36,Belum,-,-,Habibi,29/09/2021 11:38,200000,3583.59,-,Chave et al (2014),media/1632890306420.jpg,media/1632890321636.jpg,media/1632890341965.jpg,media/1632890349146.jpg,
161,RK0198PMD,Meranti,Shorea sp.,Pohon Dewasa,icon/mature_tree.svg,Not Define,41,30,Hutan Desa Pemandang,mineral,Pembinaan,0.6940958,100.3470238,187.61,9.36,Belum,-,-,Rahmad,29/09/2021 11:41,200000,3505.12,-,Chave et al (2014),media/1632890495061.jpg,media/1632890499929.jpg,media/1632890519027.jpg,media/1632890527908.jpg,
162,RK0199PMD,Malapari,Pongamia Pinnata ,Pohon Dewasa,icon/mature_tree.svg,Least Concern,43,30,Hutan Desa Pemandang,mineral,Pembinaan,0.6940714,100.347028,190.12,9.36,Belum,-,-,Habibi,29/09/2021 11:44,200000,3970.46,-,Chave et al (2014),media/1632890666745.jpg,media/1632890674616.jpg,media/1632890687793.jpg,media/1632890694734.jpg,
163,RK0200PMD,Tamba,-,Pohon Muda,icon/young_tree.svg,Not Define,39,30,Hutan Desa Pemandang,mineral,Pembinaan,0.6940324,100.3470369,192.14,9.36,Belum,-,-,Rahmad,29/09/2021 11:50,50000,4587.19,-,Brown (1997),media/1632891089993.jpg,media/1632891096828.jpg,media/1632891117304.jpg,media/1632891127400.jpg,
164,RK0201PMD,Malapari,Pongamia Pinnata ,Pohon Dewasa,icon/mature_tree.svg,Least Concern,40,18,Hutan Desa Pemandang,mineral,Pembinaan,0.6941499,100.3472815,176.71,9.34,Belum,-,-,Habibi,29/09/2021 11:55,200000,2094.15,-,Chave et al (2014),media/1632891326140.jpg,media/1632891333264.jpg,media/1632891350794.jpg,media/1632891355217.jpg,
165,RK0202PMD,Bintangur,Calophyllum spp,Pohon Dewasa,icon/mature_tree.svg,Not Define,50,23,Hutan Desa Pemandang,mineral,Pembinaan,0.6942762,100.3471161,218.6,9.33,Belum,-,-,Habibi,29/09/2021 11:58,200000,4025.42,-,Chave et al (2014),media/1632891506974.jpg,media/1632891512314.jpg,media/1632891518129.jpg,media/1632891556558.jpg,
166,RK0203PMD,Ketuka,-,Pohon Dewasa,icon/mature_tree.svg,Not Define,43,25,Hutan Desa Pemandang,mineral,Pembinaan,0.6937407,100.3474236,209.8,9.37,Belum,-,-,Habibi,29/09/2021 13:10,200000,5872.58,-,Brown (1997),media/1632895871472.jpg,media/1632895878313.jpg,media/1632895886026.jpg,media/1632895891596.jpg,
167,RK0204PMD,Bintangur,Calophyllum spp,Pohon Dewasa,icon/mature_tree.svg,Not Define,46,22,Hutan Desa Pemandang,mineral,Pembinaan,0.6937487,100.3475409,200.96,9.36,Belum,-,-,Rahmad,29/09/2021 13:13,200000,3275.54,-,Chave et al (2014),media/1632896042673.jpg,media/1632896048721.jpg,media/1632896055195.jpg,media/1632896060215.jpg,
168,RK0205PMD,Teriak,-,Pohon Dewasa,icon/mature_tree.svg,Not Define,45,20,Hutan Desa Pemandang,mineral,Pembinaan,0.6936637,100.3474689,217.14,9.38,Belum,-,-,Habibi,29/09/2021 13:16,200000,6588.42,-,Brown (1997),media/1632896216378.jpg,media/1632896222235.jpg,media/1632896230402.jpg,media/1632896235477.jpg,
169,RK0206PMD,Kotuko,-,Pohon Dewasa,icon/mature_tree.svg,Not Define,40,27,Hutan Desa Pemandang,mineral,Pembinaan,0.6936141,100.3473708,201.13,9.39,Belum,-,-,Rahmad,29/09/2021 13:19,200000,4890.63,-,Brown (1997),media/1632896456072.jpg,media/1632896461623.jpg,media/1632896469064.jpg,media/1632896477489.jpg,
170,RK0207PMD,Bintangur,Calophyllum spp,Pohon Dewasa,icon/mature_tree.svg,Not Define,40,25,Hutan Desa Pemandang,mineral,Pembinaan,0.6943304,100.3472613,187.27,9.32,Belum,-,-,Habibi,29/09/2021 13:28,200000,2824.79,-,Chave et al (2014),media/1632896957902.jpg,media/1632896964800.jpg,media/1632896974990.jpg,media/1632896981571.jpg,
171,RK0208PMD,Seminai,Madhuca utilis,Pohon Dewasa,icon/mature_tree.svg,Endangered,49,27,Hutan Desa Pemandang,mineral,Pembinaan,0.6943374,100.3472733,197.14,9.32,Belum,-,-,Rahmad,29/09/2021 13:32,200000,7685,-,Chave et al (2014),media/1632897184659.jpg,media/1632897190815.jpg,media/1632897199531.jpg,media/1632897205743.jpg,
172,RK0209PMD,Bintangur,Calophyllum spp,Pohon Dewasa,icon/mature_tree.svg,Not Define,45,27,Hutan Desa Pemandang,mineral,Pembinaan,0.6943646,100.3472761,197.17,9.32,Belum,-,-,Habibi,29/09/2021 13:35,200000,3832.28,-,Chave et al (2014),media/1632897325122.jpg,media/1632897331142.jpg,media/1632897351241.jpg,media/1632897358055.jpg,
173,RK0210PMD,Bintangur,Calophyllum spp,Pohon Dewasa,icon/mature_tree.svg,Not Define,44,22,Hutan Desa Pemandang,mineral,Pembinaan,0.694384,100.3472837,209.68,9.31,Belum,-,-,Habibi,29/09/2021 13:38,200000,3003.31,-,Chave et al (2014),media/1632897971993.jpg,media/1632897986786.jpg,media/1632897528765.jpg,media/1632897533443.jpg,
174,RK0211PMD,Kayuasok,-,Pohon Dewasa,icon/mature_tree.svg,Not Define,54,33,Hutan Desa Pemandang,mineral,Pembinaan,0.6944844,100.3473225,195.82,9.3,Belum,-,-,Rahmad,29/09/2021 13:41,200000,10449.84,-,Brown (1997),media/1632897761359.jpg,media/1632897767091.jpg,media/1632897773490.jpg,media/1632897778623.jpg,
175,RK0074PMD,Kelat,Eugenia spp.,Pohon Dewasa,icon/mature_tree.svg,Not Define,98,25,Hutan Desa Pemandang,mineral,Pembinaan,0.694281,100.348056,222.36,9.29,Belum,-,-,Oon Rexno,28/09/2021 15:18,200000,19970.37,-,Chave et al (2014),media/1632817322519.jpg,media/1632817327678.jpg,media/1632817335410.jpg,media/1632817345304.jpg,
176,RK0076PMD,Linggua,Pterocarpus indicus,Pohon Dewasa,icon/mature_tree.svg,Endangered,78,22,Hutan Desa Pemandang,mineral,Pembinaan,0.6942368,100.3479624,210.16,9.29,Belum,-,-,Oon Rexno,28/09/2021 15:24,200000,9421.59,-,Chave et al (2014),media/1632817789291.jpg,media/1632817804055.jpg,media/1632817808249.jpg,media/1632817840370.jpg,
177,RK0078PMD,Tampui,Baccaurea macrocarpa,Pohon Dewasa,icon/mature_tree.svg,Not Define,48,15,Hutan Desa Pemandang,mineral,Pembinaan,0.6941917,100.348069,194.22,9.29,Belum,-,-,Oon Rexno,28/09/2021 15:32,200000,2187.09,-,Chave et al (2014),media/1632818142104.jpg,media/1632818147070.jpg,media/1632818152554.jpg,media/1632818156540.jpg,
178,RK0080PMD,Kembang semangkok,Scaphium macropodum,Pohon Dewasa,icon/mature_tree.svg,Least Concern,58,27,Hutan Desa Pemandang,mineral,Pembinaan,0.6941371,100.3478638,193.72,9.31,Belum,-,-,Oon Rexno,28/09/2021 15:38,200000,7335.9,-,Chave et al (2014),media/1632818503422.jpg,media/1632818508517.jpg,media/1632818514244.jpg,media/1632818519630.jpg,
179,RK0082PMD,Rengas,Gluta aptera,Pohon Dewasa,icon/mature_tree.svg,Not Define,43,20,Hutan Desa Pemandang,mineral,Pembinaan,0.6941129,100.3479905,200.62,9.31,Belum,-,-,Oon Rexno,28/09/2021 15:44,200000,2921.75,-,Chave et al (2014),media/1632818845517.jpg,media/1632818850227.jpg,media/1632818855060.jpg,media/1632818859147.jpg,
180,RK0084PMD,Keruing,Dipterocarpus spp.,Pohon Dewasa,icon/mature_tree.svg,Not Define,48,20,Hutan Desa Pemandang,mineral,Pembinaan,0.6941541,100.3478344,197.29,9.31,Belum,-,-,Satria,28/09/2021 15:50,200000,4163.56,-,Chave et al (2014),media/1632819194408.jpg,media/1632819198766.jpg,media/1632819203170.jpg,media/1632819207415.jpg,
181,RK0086PMD,Kacang,Leguminosae sp.,Pohon Dewasa,icon/mature_tree.svg,Not Define,60,30,Hutan Desa Pemandang,mineral,Pembinaan,0.6942392,100.3477716,213.7,9.3,Belum,-,-,Oon Rexno,28/09/2021 15:55,200000,13641.94,-,Chave et al (2014),media/1632819472790.jpg,media/1632819477364.jpg,media/1632819482414.jpg,media/1632819486791.jpg,
182,RK0088PMD,Kelat,Eugenia spp.,Pohon Dewasa,icon/mature_tree.svg,Not Define,50,20,Hutan Desa Pemandang,mineral,Pembinaan,0.6942783,100.347816,204.11,9.3,Belum,-,-,Oon Rexno,28/09/2021 14:58,200000,4318.35,-,Chave et al (2014),media/1632819719641.jpg,media/1632819723958.jpg,media/1632819728073.jpg,media/1632819732504.jpg,
183,RK0090PMD,Bintangur,Calophyllum spp,Pohon Dewasa,icon/mature_tree.svg,Not Define,42,17,Hutan Desa Pemandang,mineral,Pembinaan,0.6941328,100.3477821,205.77,9.31,Belum,-,-,Satria,28/09/2021 16:04,200000,2132.44,-,Chave et al (2014),media/1632820064906.jpg,media/1632820069341.jpg,media/1632820073532.jpg,media/1632820077356.jpg,
184,RK0092PMD,Laban,Vitex pinnata,Pohon Dewasa,icon/mature_tree.svg,Least Concern,50,15,Hutan Desa Pemandang,mineral,Pembinaan,0.6940574,100.3477531,201.91,9.32,Belum,-,-,Oon Rexno,28/09/2021 16:08,200000,2950.35,-,Chave et al (2014),media/1632820384233.jpg,media/1632820388886.jpg,media/1632820394064.jpg,media/1632820398161.jpg,
185,RK0094PMD,Bintangur,Calophyllum spp,Pohon Dewasa,icon/mature_tree.svg,Not Define,51,20,Hutan Desa Pemandang,mineral,Pembinaan,0.6940428,100.3477487,198.25,9.32,Belum,-,-,Oon Rexno,28/09/2021 16:15,200000,3650.55,-,Chave et al (2014),media/1632820693567.jpg,media/1632820712336.jpg,media/1632820717338.jpg,media/1632820722686.jpg,
186,RK0096PMD,Soyiek layang,-,Pohon Dewasa,icon/mature_tree.svg,Not Define,54,30,Hutan Desa Pemandang,mineral,Pembinaan,0.6939976,100.3478549,210.87,9.32,Belum,-,-,Satria,28/09/2021 16:20,200000,10449.84,-,Brown (1997),media/1632821050118.jpg,media/1632821057749.jpg,media/1632821075445.jpg,media/1632821082303.jpg,
187,RK0098PMD,Medang,Cinnamomum spp.,Pohon Dewasa,icon/mature_tree.svg,Not Define,80,25,Hutan Desa Pemandang,mineral,Pembinaan,0.6941683,100.3476911,204.9,9.31,Belum,-,-,Oon Rexno,28/09/2021 16:26,200000,8818.42,-,Chave et al (2014),media/1632821363502.jpg,media/1632821368311.jpg,media/1632821373107.jpg,media/1632821377035.jpg,
188,RK0100PMD,Keranji,Dialium spp.,Pohon Dewasa,icon/mature_tree.svg,Not Define,73,15,Hutan Desa Pemandang,mineral,Pembinaan,0.694348,100.3476667,196.46,9.3,Belum,-,-,Satria,28/09/2021 16:31,200000,8569.27,-,Chave et al (2014),media/1632821694077.jpg,media/1632821698895.jpg,media/1632821702984.jpg,media/1632821706973.jpg,
189,RK0068PMD,Kelat,Eugenia spp.,Pohon Dewasa,icon/mature_tree.svg,Not Define,54,18,Hutan Desa Pemandang,mineral,Pembinaan,0.6940522,100.347793,195.55,9.32,Belum,-,-,Oon Rexno,28/09/2021 14:43,200000,4527.95,-,Chave et al (2014),media/1632815231378.jpg,media/1632815245037.jpg,media/1632815250569.jpg,media/1632815255575.jpg,
190,RK0071,Tempinis,Sloetia elongata,Pohon Dewasa,icon/mature_tree.svg,Not Define,40,15,Hutan Desa Pemandang,mineral,Pembinaan,0.6942637,100.3479086,207.75,9.29,Belum,-,-,Satria,28/09/2021 15:02,200000,2604.52,-,Chave et al (2014),media/1632816436261.jpg,media/1632816441261.jpg,media/1632816445987.jpg,media/1632816449958.jpg,
191,RK0072PMD,Soyiek layang,-,Pohon Dewasa,icon/mature_tree.svg,Not Define,68,20,Hutan Desa Pemandang,mineral,Pembinaan,0.6940759,100.3481116,184.21,9.3,Belum,-,-,Oon Rexno,28/09/2021 15:10,200000,18724.1,-,Brown (1997),media/1632816810376.jpg,media/1632816821468.jpg,media/1632816826155.jpg,media/1632816884508.jpg,
192,RK0166PMD,Sendok sendok,Endospermum spp,Pohon Dewasa,icon/mature_tree.svg,Not Define,46,15,Hutan Desa Pemandang,mineral,Pembinaan,0.693744,100.3472157,218.71,9.38,Belum,-,-,Oon Rexno,29/09/2021 11:03,200000,1602.38,-,Chave et al (2014),media/1632888588955.jpg,media/1632888597381.jpg,media/1632888605965.jpg,media/1632888614427.jpg,
193,RK0167PMD,Darah darah,Myristica spp,Pohon Muda,icon/young_tree.svg,Least Concern,34,15,Hutan Desa Pemandang,mineral,Pembinaan,0.6937514,100.3471457,222.03,9.38,Belum,-,-,Oon Rexno,29/09/2021 11:13,50000,1081.97,-,Chave et al (2014),media/1632888946669.jpg,media/1632888956117.jpg,media/1632888965270.jpg,media/1632888972967.jpg,
194,RK0168PMD,Soyiek layang,-,Pohon Dewasa,icon/mature_tree.svg,Not Define,41,15,Hutan Desa Pemandang,mineral,Pembinaan,0.69379,100.3470967,213.02,9.38,Belum,-,-,Oon Rexno,29/09/2021 11:18,200000,5205.91,-,Brown (1997),media/1632889271555.jpg,media/1632889281515.jpg,media/1632889289551.jpg,media/1632889297192.jpg,
195,RK0169PMD,Mempening,Quercus sp.,Pohon Dewasa,icon/mature_tree.svg,Not Define,45,10,Hutan Desa Pemandang,mineral,Pembinaan,0.6938017,100.3471883,225.74,9.38,Belum,-,-,Oon Rexno,29/09/2021 11:23,200000,1864.29,-,Chave et al (2014),media/1632889578989.jpg,media/1632889590654.jpg,media/1632889598934.jpg,media/1632889607859.jpg,
196,RK0170PMD,Lalan,Santiria laevigata,Pohon Dewasa,icon/mature_tree.svg,Least Concern,50,15,Hutan Desa Pemandang,mineral,Pembinaan,0.6938895,100.3471127,214.28,9.37,Belum,-,-,Satria,29/09/2021 11:28,200000,2510.95,-,Chave et al (2014),media/1632889923205.jpg,media/1632889932816.jpg,media/1632889940816.jpg,media/1632889949093.jpg,
197,RK0171PMD,Gelumpang,Sterculia foetida,Pohon Dewasa,icon/mature_tree.svg,Not Define,45,25,Hutan Desa Pemandang,mineral,Pembinaan,0.6939316,100.347156,235.36,9.36,Belum,-,-,Oon Rexno,29/09/2021 11:34,200000,3071.78,-,Chave et al (2014),media/1632890269776.jpg,media/1632890283254.jpg,media/1632890291888.jpg,media/1632890299567.jpg,
198,RK0172PMD,Lalan,Santiria laevigata,Pohon Dewasa,icon/mature_tree.svg,Least Concern,44,30,Hutan Desa Pemandang,mineral,Pembinaan,0.6937967,100.3473406,187.98,9.37,Belum,-,-,Satria,29/09/2021 11:43,200000,3848.34,-,Chave et al (2014),media/1632890881674.jpg,media/1632890896604.jpg,media/1632890907104.jpg,media/1632890914982.jpg,
199,RK0173PMD,Medang,Cinnamomum spp.,Pohon Dewasa,icon/mature_tree.svg,Not Define,41,20,Hutan Desa Pemandang,mineral,Pembinaan,0.6939153,100.3473905,206.77,9.35,Belum,-,-,Oon Rexno,29/09/2021 11:51,200000,1923.66,-,Chave et al (2014),media/1632891229692.jpg,media/1632891238651.jpg,media/1632891246603.jpg,media/1632891254627.jpg,
200,RK0174PMD,Plajau,Pentaspadon motleyi,Pohon Dewasa,icon/mature_tree.svg,Not Define,48,25,Hutan Desa Pemandang,mineral,Pembinaan,0.6938617,100.3474267,205.35,9.36,Belum,-,-,Oon Rexno,29/09/2021 11:58,200000,3405.36,-,Chave et al (2014),media/1632891650803.jpg,media/1632891659742.jpg,media/1632891668731.jpg,media/1632891677758.jpg,
201,RK0175PMD,Meranti,Shorea sp.,Pohon Dewasa,icon/mature_tree.svg,Not Define,40,18,Hutan Desa Pemandang,mineral,Pembinaan,0.6939888,100.3474872,218.61,9.34,Belum,-,-,Oon Rexno,29/09/2021 12:01,200000,2028.83,-,Chave et al (2014),media/1632891971383.jpg,media/1632891981059.jpg,media/1632891992935.jpg,media/1632892000925.jpg,
202,RK0176PMD,Jao-jao,-,Pohon Dewasa,icon/mature_tree.svg,Not Define,95,18,Hutan Desa Pemandang,mineral,Pembinaan,0.6940285,100.3475176,167.65,9.34,Belum,-,-,Oon Rexno,29/09/2021 13:06,200000,43630.9,-,Brown (1997),media/1632895790227.jpg,media/1632895803508.jpg,media/1632895813516.jpg,media/1632895823454.jpg,
203,RK0177PMD,Meranti,Shorea sp.,Pohon Dewasa,icon/mature_tree.svg,Not Define,40,20,Hutan Desa Pemandang,mineral,Pembinaan,0.6938843,100.3475612,175.32,9.35,Belum,-,-,Oon Rexno,29/09/2021 13:11,200000,2248.56,-,Chave et al (2014),media/1632896105147.jpg,media/1632896112845.jpg,media/1632896120861.jpg,media/1632896128516.jpg,
204,RK0178PMD,Keranji,Dialium spp.,Pohon Dewasa,icon/mature_tree.svg,Not Define,43,25,Hutan Desa Pemandang,mineral,Pembinaan,0.6940734,100.3474722,179.94,9.33,Belum,-,-,Oon Rexno,29/09/2021 13:16,200000,5021.02,-,Chave et al (2014),media/1632896398952.jpg,media/1632896407664.jpg,media/1632896416468.jpg,media/1632896424608.jpg,
205,RK0179PMD,Kelat,Eugenia spp.,Pohon Dewasa,icon/mature_tree.svg,Not Define,52,25,Hutan Desa Pemandang,mineral,Pembinaan,0.6939917,100.347375,183.57,9.35,Belum,-,-,Satria,29/09/2021 13:22,200000,5796.31,-,Chave et al (2014),media/1632896748233.jpg,media/1632896757630.jpg,media/1632896768812.jpg,media/1632896778465.jpg,
206,RK0180PMD,Keruing,Dipterocarpus spp.,Pohon Dewasa,icon/mature_tree.svg,Not Define,72,20,Hutan Desa Pemandang,mineral,Pembinaan,0.694111,100.3472188,172.98,9.34,Belum,-,-,Oon Rexno,29/09/2021 13:28,200000,9187.45,-,Chave et al (2014),media/1632897079406.jpg,media/1632897088615.jpg,media/1632897097313.jpg,media/1632897104843.jpg,
207,RK0181PMD,Pengatasan,-,Pohon Dewasa,icon/mature_tree.svg,Not Define,41,20,Hutan Desa Pemandang,mineral,Pembinaan,0.69413,100.34718,186.03,9.34,Belum,-,-,Oon Rexno,29/09/2021 13:31,200000,5205.91,-,Brown (1997),media/1632897366616.jpg,media/1632897376151.jpg,media/1632897384539.jpg,media/1632897392778.jpg,
208,RK0182PMD,Soyiek layang,-,Pohon Dewasa,icon/mature_tree.svg,Not Define,49,30,Hutan Desa Pemandang,mineral,Pembinaan,0.6941903,100.3471962,177.45,9.34,Belum,-,-,Satria,29/09/2021 13:38,200000,8172.4,-,Brown (1997),media/1632897669624.jpg,media/1632897680751.jpg,media/1632897690093.jpg,media/1632897699521.jpg,
209,RK0183PMD,Gelumpang,Sterculia foetida,Pohon Dewasa,icon/mature_tree.svg,Not Define,66,30,Hutan Desa Pemandang,mineral,Pembinaan,0.6942152,100.3471919,178.13,9.34,Belum,-,-,Oon Rexno,29/09/2021 13:41,200000,7750.87,-,Chave et al (2014),media/1632898058052.jpg,media/1632898068838.jpg,media/1632898077506.jpg,media/1632898087601.jpg,
210,RK0184PMD,Sijunjung,-,Pohon Dewasa,icon/mature_tree.svg,Not Define,47,15,Hutan Desa Pemandang,mineral,Pembinaan,0.6940438,100.3472885,180.18,9.35,Belum,-,-,Oon Rexno,29/09/2021 13:48,200000,7354.63,-,Brown (1997),media/1632898437287.jpg,media/1632898446787.jpg,media/1632898454634.jpg,media/1632898463795.jpg,
211,RK0185PMD,Meranti,Shorea sp.,Pohon Dewasa,icon/mature_tree.svg,Not Define,42,20,Hutan Desa Pemandang,mineral,Pembinaan,0.6941447,100.3472312,186.58,9.34,Belum,-,-,Satria,29/09/2021 13:53,200000,2473.24,-,Chave et al (2014),media/1632898647905.jpg,media/1632898698452.jpg,media/1632898736358.jpg,media/1632898744375.jpg,
